{
    "1": {
        "value": 8583.0,
        "weight": 23027.0,
        "volume": 21.900000000000006,
        "items": [
            2,
            3,
            4,
            5,
            7,
            9,
            10,
            11,
            12,
            14,
            15,
            17,
            18,
            20,
            22,
            23,
            25,
            26,
            29,
            32,
            33,
            36,
            37,
            42,
            44,
            51,
            53,
            54,
            57,
            60
        ]
    },
    "2": {
        "value": 7391.0,
        "weight": 27884.0,
        "volume": 22.800000000000004,
        "items": [
            2,
            4,
            6,
            10,
            12,
            13,
            14,
            15,
            17,
            18,
            19,
            23,
            24,
            29,
            32,
            33,
            34,
            36,
            38,
            39,
            41,
            43,
            46,
            47,
            51,
            52,
            56,
            58,
            59,
            60
        ]
    }
}
